Workbook

Sheet Resumo
A1: Despesa total com pessoal - Mato Grosso do Sul (MS)
A2: RGF, Anexo 1 (Siconfi/Tesouro Nacional). Percentual da Despesa Total com Pessoal (DTP) sobre a Receita Corrente Líquida Ajustada, últimos 12 meses de cada quadrimestre.
A4: % da DTP sobre a RCL Ajustada
A5: Órgão | B5: Poder / órgão | C5: 1º quad. 2024 | D5: 2º quad. 2024 | E5: 3º quad. 2024 | F5: 1º quad. 2025 | G5: 2º quad. 2025 | H5: 3º quad. 2025 | I5: 1º quad. 2026 | J5: 2º quad. 2026 | K5: Limite máximo (2º quad. 2026) | L5: Situação (2º quad. 2026)
A6: Governo | B6: Poder Executivo | C6: =IFERROR(IF(INDEX(Dados!$K$2:$K$49,MATCH($A6&"|"&C$5,Dados!$A$2:$A$49,0))="","",INDEX(Dados!$K$2:$K$49,MATCH($A6&"|"&C$5,Dados!$A$2:$A$49,0))),"") -> 0.44513968 | D6: =IFERROR(IF(INDEX(Dados!$K$2:$K$49,MATCH($A6&"|"&D$5,Dados!$A$2:$A$49,0))="","",INDEX(Dados!$K$2:$K$49,MATCH($A6&"|"&D$5,Dados!$A$2:$A$49,0))),"") -> 0.45846642 | E6: =IFERROR(IF(INDEX(Dados!$K$2:$K$49,MATCH($A6&"|"&E$5,Dados!$A$2:$A$49,0))="","",INDEX(Dados!$K$2:$K$49,MATCH($A6&"|"&E$5,Dados!$A$2:$A$49,0))),"") -> 0.4519657 | F6: =IFERROR(IF(INDEX(Dados!$K$2:$K$49,MATCH($A6&"|"&F$5,Dados!$A$2:$A$49,0))="","",INDEX(Dados!$K$2:$K$49,MATCH($A6&"|"&F$5,Dados!$A$2:$A$49,0))),"") -> 0.46923902 | G6: =IFERROR(IF(INDEX(Dados!$K$2:$K$49,MATCH($A6&"|"&G$5,Dados!$A$2:$A$49,0))="","",INDEX(Dados!$K$2:$K$49,MATCH($A6&"|"&G$5,Dados!$A$2:$A$49,0))),"") -> 0.46904308 | H6: =IFERROR(IF(INDEX(Dados!$K$2:$K$49,MATCH($A6&"|"&H$5,Dados!$A$2:$A$49,0))="","",INDEX(Dados!$K$2:$K$49,MATCH($A6&"|"&H$5,Dados!$A$2:$A$49,0))),"") -> 0.44200869 | I6: =IFERROR(IF(INDEX(Dados!$K$2:$K$49,MATCH($A6&"|"&I$5,Dados!$A$2:$A$49,0))="","",INDEX(Dados!$K$2:$K$49,MATCH($A6&"|"&I$5,Dados!$A$2:$A$49,0))),"") -> 0.46616193 | J6: =IFERROR(IF(INDEX(Dados!$K$2:$K$49,MATCH($A6&"|"&J$5,Dados!$A$2:$A$49,0))="","",INDEX(Dados!$K$2:$K$49,MATCH($A6&"|"&J$5,Dados!$A$2:$A$49,0))),"") -> 0.47016972 | K6: =IFERROR(IF(INDEX(Dados!$N$2:$N$49,MATCH($A6&"|"&J$5,Dados!$A$2:$A$49,0))=0,"—",INDEX(Dados!$N$2:$N$49,MATCH($A6&"|"&J$5,Dados!$A$2:$A$49,0))),"—") -> 0.49 | L6: =IFERROR(IF(INDEX(Dados!$T$2:$T$49,MATCH($A6&"|"&J$5,Dados!$A$2:$A$49,0))="","—",INDEX(Dados!$T$2:$T$49,MATCH($A6&"|"&J$5,Dados!$A$2:$A$49,0))),"—") -> Acima do limite prudencial
A7: Assembleia Legislativa | B7: Poder Legislativo | C7: =IFERROR(IF(INDEX(Dados!$K$2:$K$49,MATCH($A7&"|"&C$5,Dados!$A$2:$A$49,0))="","",INDEX(Dados!$K$2:$K$49,MATCH($A7&"|"&C$5,Dados!$A$2:$A$49,0))),"") -> 0.0098098638 | D7: =IFERROR(IF(INDEX(Dados!$K$2:$K$49,MATCH($A7&"|"&D$5,Dados!$A$2:$A$49,0))="","",INDEX(Dados!$K$2:$K$49,MATCH($A7&"|"&D$5,Dados!$A$2:$A$49,0))),"") -> 0.010058 | E7: =IFERROR(IF(INDEX(Dados!$K$2:$K$49,MATCH($A7&"|"&E$5,Dados!$A$2:$A$49,0))="","",INDEX(Dados!$K$2:$K$49,MATCH($A7&"|"&E$5,Dados!$A$2:$A$49,0))),"") -> 0.010688945 | F7: =IFERROR(IF(INDEX(Dados!$K$2:$K$49,MATCH($A7&"|"&F$5,Dados!$A$2:$A$49,0))="","",INDEX(Dados!$K$2:$K$49,MATCH($A7&"|"&F$5,Dados!$A$2:$A$49,0))),"") -> 0.011040807 | G7: =IFERROR(IF(INDEX(Dados!$K$2:$K$49,MATCH($A7&"|"&G$5,Dados!$A$2:$A$49,0))="","",INDEX(Dados!$K$2:$K$49,MATCH($A7&"|"&G$5,Dados!$A$2:$A$49,0))),"") -> 0.011406478 | H7: =IFERROR(IF(INDEX(Dados!$K$2:$K$49,MATCH($A7&"|"&H$5,Dados!$A$2:$A$49,0))="","",INDEX(Dados!$K$2:$K$49,MATCH($A7&"|"&H$5,Dados!$A$2:$A$49,0))),"") -> 0.011336527 | I7: =IFERROR(IF(INDEX(Dados!$K$2:$K$49,MATCH($A7&"|"&I$5,Dados!$A$2:$A$49,0))="","",INDEX(Dados!$K$2:$K$49,MATCH($A7&"|"&I$5,Dados!$A$2:$A$49,0))),"") -> 0.011382608 | J7: =IFERROR(IF(INDEX(Dados!$K$2:$K$49,MATCH($A7&"|"&J$5,Dados!$A$2:$A$49,0))="","",INDEX(Dados!$K$2:$K$49,MATCH($A7&"|"&J$5,Dados!$A$2:$A$49,0))),"") -> 0.012812434 | K7: =IFERROR(IF(INDEX(Dados!$N$2:$N$49,MATCH($A7&"|"&J$5,Dados!$A$2:$A$49,0))=0,"—",INDEX(Dados!$N$2:$N$49,MATCH($A7&"|"&J$5,Dados!$A$2:$A$49,0))),"—") -> 0.0168 | L7: =IFERROR(IF(INDEX(Dados!$T$2:$T$49,MATCH($A7&"|"&J$5,Dados!$A$2:$A$49,0))="","—",INDEX(Dados!$T$2:$T$49,MATCH($A7&"|"&J$5,Dados!$A$2:$A$49,0))),"—") -> Abaixo do limite de alerta
A8: Tribunal de Justiça | B8: Poder Judiciário | C8: =IFERROR(IF(INDEX(Dados!$K$2:$K$49,MATCH($A8&"|"&C$5,Dados!$A$2:$A$49,0))="","",INDEX(Dados!$K$2:$K$49,MATCH($A8&"|"&C$5,Dados!$A$2:$A$49,0))),"") -> 0.048540189 | D8: =IFERROR(IF(INDEX(Dados!$K$2:$K$49,MATCH($A8&"|"&D$5,Dados!$A$2:$A$49,0))="","",INDEX(Dados!$K$2:$K$49,MATCH($A8&"|"&D$5,Dados!$A$2:$A$49,0))),"") -> 0.049829492 | E8: =IFERROR(IF(INDEX(Dados!$K$2:$K$49,MATCH($A8&"|"&E$5,Dados!$A$2:$A$49,0))="","",INDEX(Dados!$K$2:$K$49,MATCH($A8&"|"&E$5,Dados!$A$2:$A$49,0))),"") -> 0.051199553 | F8: =IFERROR(IF(INDEX(Dados!$K$2:$K$49,MATCH($A8&"|"&F$5,Dados!$A$2:$A$49,0))="","",INDEX(Dados!$K$2:$K$49,MATCH($A8&"|"&F$5,Dados!$A$2:$A$49,0))),"") -> 0.051349751 | G8: =IFERROR(IF(INDEX(Dados!$K$2:$K$49,MATCH($A8&"|"&G$5,Dados!$A$2:$A$49,0))="","",INDEX(Dados!$K$2:$K$49,MATCH($A8&"|"&G$5,Dados!$A$2:$A$49,0))),"") -> 0.052018308 | H8: =IFERROR(IF(INDEX(Dados!$K$2:$K$49,MATCH($A8&"|"&H$5,Dados!$A$2:$A$49,0))="","",INDEX(Dados!$K$2:$K$49,MATCH($A8&"|"&H$5,Dados!$A$2:$A$49,0))),"") -> 0.051910611 | I8: =IFERROR(IF(INDEX(Dados!$K$2:$K$49,MATCH($A8&"|"&I$5,Dados!$A$2:$A$49,0))="","",INDEX(Dados!$K$2:$K$49,MATCH($A8&"|"&I$5,Dados!$A$2:$A$49,0))),"") -> 0.05139057 | J8: =IFERROR(IF(INDEX(Dados!$K$2:$K$49,MATCH($A8&"|"&J$5,Dados!$A$2:$A$49,0))="","",INDEX(Dados!$K$2:$K$49,MATCH($A8&"|"&J$5,Dados!$A$2:$A$49,0))),"") -> 0.049378952 | K8: =IFERROR(IF(INDEX(Dados!$N$2:$N$49,MATCH($A8&"|"&J$5,Dados!$A$2:$A$49,0))=0,"—",INDEX(Dados!$N$2:$N$49,MATCH($A8&"|"&J$5,Dados!$A$2:$A$49,0))),"—") -> 0.06 | L8: =IFERROR(IF(INDEX(Dados!$T$2:$T$49,MATCH($A8&"|"&J$5,Dados!$A$2:$A$49,0))="","—",INDEX(Dados!$T$2:$T$49,MATCH($A8&"|"&J$5,Dados!$A$2:$A$49,0))),"—") -> Abaixo do limite de alerta
A9: Tribunal de Contas | B9: Tribunal de Contas | C9: =IFERROR(IF(INDEX(Dados!$K$2:$K$49,MATCH($A9&"|"&C$5,Dados!$A$2:$A$49,0))="","",INDEX(Dados!$K$2:$K$49,MATCH($A9&"|"&C$5,Dados!$A$2:$A$49,0))),"") -> 0.0092291817 | D9: =IFERROR(IF(INDEX(Dados!$K$2:$K$49,MATCH($A9&"|"&D$5,Dados!$A$2:$A$49,0))="","",INDEX(Dados!$K$2:$K$49,MATCH($A9&"|"&D$5,Dados!$A$2:$A$49,0))),"") -> 0.0095127405 | E9: =IFERROR(IF(INDEX(Dados!$K$2:$K$49,MATCH($A9&"|"&E$5,Dados!$A$2:$A$49,0))="","",INDEX(Dados!$K$2:$K$49,MATCH($A9&"|"&E$5,Dados!$A$2:$A$49,0))),"") -> 0.010086641 | F9: =IFERROR(IF(INDEX(Dados!$K$2:$K$49,MATCH($A9&"|"&F$5,Dados!$A$2:$A$49,0))="","",INDEX(Dados!$K$2:$K$49,MATCH($A9&"|"&F$5,Dados!$A$2:$A$49,0))),"") -> 0.010301707 | G9: =IFERROR(IF(INDEX(Dados!$K$2:$K$49,MATCH($A9&"|"&G$5,Dados!$A$2:$A$49,0))="","",INDEX(Dados!$K$2:$K$49,MATCH($A9&"|"&G$5,Dados!$A$2:$A$49,0))),"") -> 0.010214407 | H9: =IFERROR(IF(INDEX(Dados!$K$2:$K$49,MATCH($A9&"|"&H$5,Dados!$A$2:$A$49,0))="","",INDEX(Dados!$K$2:$K$49,MATCH($A9&"|"&H$5,Dados!$A$2:$A$49,0))),"") -> 0.0099373919 | I9: =IFERROR(IF(INDEX(Dados!$K$2:$K$49,MATCH($A9&"|"&I$5,Dados!$A$2:$A$49,0))="","",INDEX(Dados!$K$2:$K$49,MATCH($A9&"|"&I$5,Dados!$A$2:$A$49,0))),"") -> 0.0099693739 | J9: =IFERROR(IF(INDEX(Dados!$K$2:$K$49,MATCH($A9&"|"&J$5,Dados!$A$2:$A$49,0))="","",INDEX(Dados!$K$2:$K$49,MATCH($A9&"|"&J$5,Dados!$A$2:$A$49,0))),"") -> 0.010833256 | K9: =IFERROR(IF(INDEX(Dados!$N$2:$N$49,MATCH($A9&"|"&J$5,Dados!$A$2:$A$49,0))=0,"—",INDEX(Dados!$N$2:$N$49,MATCH($A9&"|"&J$5,Dados!$A$2:$A$49,0))),"—") -> 0.0132 | L9: =IFERROR(IF(INDEX(Dados!$T$2:$T$49,MATCH($A9&"|"&J$5,Dados!$A$2:$A$49,0))="","—",INDEX(Dados!$T$2:$T$49,MATCH($A9&"|"&J$5,Dados!$A$2:$A$49,0))),"—") -> Abaixo do limite de alerta
A10: Defensoria Pública | B10: Defensoria Pública | C10: =IFERROR(IF(INDEX(Dados!$K$2:$K$49,MATCH($A10&"|"&C$5,Dados!$A$2:$A$49,0))="","",INDEX(Dados!$K$2:$K$49,MATCH($A10&"|"&C$5,Dados!$A$2:$A$49,0))),"") -> 0.010052209 | D10: =IFERROR(IF(INDEX(Dados!$K$2:$K$49,MATCH($A10&"|"&D$5,Dados!$A$2:$A$49,0))="","",INDEX(Dados!$K$2:$K$49,MATCH($A10&"|"&D$5,Dados!$A$2:$A$49,0))),"") -> 0.010092234 | E10: =IFERROR(IF(INDEX(Dados!$K$2:$K$49,MATCH($A10&"|"&E$5,Dados!$A$2:$A$49,0))="","",INDEX(Dados!$K$2:$K$49,MATCH($A10&"|"&E$5,Dados!$A$2:$A$49,0))),"") -> 0.0099353461 | F10: =IFERROR(IF(INDEX(Dados!$K$2:$K$49,MATCH($A10&"|"&F$5,Dados!$A$2:$A$49,0))="","",INDEX(Dados!$K$2:$K$49,MATCH($A10&"|"&F$5,Dados!$A$2:$A$49,0))),"") -> 0.010140895 | G10: =IFERROR(IF(INDEX(Dados!$K$2:$K$49,MATCH($A10&"|"&G$5,Dados!$A$2:$A$49,0))="","",INDEX(Dados!$K$2:$K$49,MATCH($A10&"|"&G$5,Dados!$A$2:$A$49,0))),"") -> 0.010339452 | H10: =IFERROR(IF(INDEX(Dados!$K$2:$K$49,MATCH($A10&"|"&H$5,Dados!$A$2:$A$49,0))="","",INDEX(Dados!$K$2:$K$49,MATCH($A10&"|"&H$5,Dados!$A$2:$A$49,0))),"") -> 0.010545474 | I10: =IFERROR(IF(INDEX(Dados!$K$2:$K$49,MATCH($A10&"|"&I$5,Dados!$A$2:$A$49,0))="","",INDEX(Dados!$K$2:$K$49,MATCH($A10&"|"&I$5,Dados!$A$2:$A$49,0))),"") -> 0.010743841 | J10: =IFERROR(IF(INDEX(Dados!$K$2:$K$49,MATCH($A10&"|"&J$5,Dados!$A$2:$A$49,0))="","",INDEX(Dados!$K$2:$K$49,MATCH($A10&"|"&J$5,Dados!$A$2:$A$49,0))),"") -> 0.011008553 | K10: =IFERROR(IF(INDEX(Dados!$N$2:$N$49,MATCH($A10&"|"&J$5,Dados!$A$2:$A$49,0))=0,"—",INDEX(Dados!$N$2:$N$49,MATCH($A10&"|"&J$5,Dados!$A$2:$A$49,0))),"—") -> — | L10: =IFERROR(IF(INDEX(Dados!$T$2:$T$49,MATCH($A10&"|"&J$5,Dados!$A$2:$A$49,0))="","—",INDEX(Dados!$T$2:$T$49,MATCH($A10&"|"&J$5,Dados!$A$2:$A$49,0))),"—") -> Sem limite próprio na LRF
A11: Ministério Público | B11: Ministério Público | C11: =IFERROR(IF(INDEX(Dados!$K$2:$K$49,MATCH($A11&"|"&C$5,Dados!$A$2:$A$49,0))="","",INDEX(Dados!$K$2:$K$49,MATCH($A11&"|"&C$5,Dados!$A$2:$A$49,0))),"") -> 0.014435737 | D11: =IFERROR(IF(INDEX(Dados!$K$2:$K$49,MATCH($A11&"|"&D$5,Dados!$A$2:$A$49,0))="","",INDEX(Dados!$K$2:$K$49,MATCH($A11&"|"&D$5,Dados!$A$2:$A$49,0))),"") -> 0.014524972 | E11: =IFERROR(IF(INDEX(Dados!$K$2:$K$49,MATCH($A11&"|"&E$5,Dados!$A$2:$A$49,0))="","",INDEX(Dados!$K$2:$K$49,MATCH($A11&"|"&E$5,Dados!$A$2:$A$49,0))),"") -> 0.01501326 | F11: =IFERROR(IF(INDEX(Dados!$K$2:$K$49,MATCH($A11&"|"&F$5,Dados!$A$2:$A$49,0))="","",INDEX(Dados!$K$2:$K$49,MATCH($A11&"|"&F$5,Dados!$A$2:$A$49,0))),"") -> 0.015274797 | G11: =IFERROR(IF(INDEX(Dados!$K$2:$K$49,MATCH($A11&"|"&G$5,Dados!$A$2:$A$49,0))="","",INDEX(Dados!$K$2:$K$49,MATCH($A11&"|"&G$5,Dados!$A$2:$A$49,0))),"") -> 0.015532026 | H11: =IFERROR(IF(INDEX(Dados!$K$2:$K$49,MATCH($A11&"|"&H$5,Dados!$A$2:$A$49,0))="","",INDEX(Dados!$K$2:$K$49,MATCH($A11&"|"&H$5,Dados!$A$2:$A$49,0))),"") -> 0.015625114 | I11: =IFERROR(IF(INDEX(Dados!$K$2:$K$49,MATCH($A11&"|"&I$5,Dados!$A$2:$A$49,0))="","",INDEX(Dados!$K$2:$K$49,MATCH($A11&"|"&I$5,Dados!$A$2:$A$49,0))),"") -> 0.017598224 | J11: =IFERROR(IF(INDEX(Dados!$K$2:$K$49,MATCH($A11&"|"&J$5,Dados!$A$2:$A$49,0))="","",INDEX(Dados!$K$2:$K$49,MATCH($A11&"|"&J$5,Dados!$A$2:$A$49,0))),"") -> 0.016182183 | K11: =IFERROR(IF(INDEX(Dados!$N$2:$N$49,MATCH($A11&"|"&J$5,Dados!$A$2:$A$49,0))=0,"—",INDEX(Dados!$N$2:$N$49,MATCH($A11&"|"&J$5,Dados!$A$2:$A$49,0))),"—") -> 0.02 | L11: =IFERROR(IF(INDEX(Dados!$T$2:$T$49,MATCH($A11&"|"&J$5,Dados!$A$2:$A$49,0))="","—",INDEX(Dados!$T$2:$T$49,MATCH($A11&"|"&J$5,Dados!$A$2:$A$49,0))),"—") -> Abaixo do limite de alerta
A12: RCL Ajustada (R$ milhões) | B12: base comum | C12: =IFERROR(INDEX(Dados!$J$2:$J$49,MATCH("Governo|"&C$5,Dados!$A$2:$A$49,0))/1000000,"") -> 20028.371 | D12: =IFERROR(INDEX(Dados!$J$2:$J$49,MATCH("Governo|"&D$5,Dados!$A$2:$A$49,0))/1000000,"") -> 20288.168 | E12: =IFERROR(INDEX(Dados!$J$2:$J$49,MATCH("Governo|"&E$5,Dados!$A$2:$A$49,0))/1000000,"") -> 20253.127 | F12: =IFERROR(INDEX(Dados!$J$2:$J$49,MATCH("Governo|"&F$5,Dados!$A$2:$A$49,0))/1000000,"") -> 20632.009 | G12: =IFERROR(INDEX(Dados!$J$2:$J$49,MATCH("Governo|"&G$5,Dados!$A$2:$A$49,0))/1000000,"") -> 21161.45 | H12: =IFERROR(INDEX(Dados!$J$2:$J$49,MATCH("Governo|"&H$5,Dados!$A$2:$A$49,0))/1000000,"") -> 22108.66 | I12: =IFERROR(INDEX(Dados!$J$2:$J$49,MATCH("Governo|"&I$5,Dados!$A$2:$A$49,0))/1000000,"") -> 22737.534 | J12: =IFERROR(INDEX(Dados!$J$2:$J$49,MATCH("Governo|"&J$5,Dados!$A$2:$A$49,0))/1000000,"") -> 23108.986
A14: Despesa total com pessoal (R$ milhões)
A15: Órgão | B15: Poder / órgão | C15: 1º quad. 2024 | D15: 2º quad. 2024 | E15: 3º quad. 2024 | F15: 1º quad. 2025 | G15: 2º quad. 2025 | H15: 3º quad. 2025 | I15: 1º quad. 2026 | J15: 2º quad. 2026
A16: Governo | B16: Poder Executivo | C16: =IFERROR(IF(INDEX(Dados!$I$2:$I$49,MATCH($A16&"|"&C$15,Dados!$A$2:$A$49,0))="","",INDEX(Dados!$I$2:$I$49,MATCH($A16&"|"&C$15,Dados!$A$2:$A$49,0))/1000000),"") -> 8915.4229 | D16: =IFERROR(IF(INDEX(Dados!$I$2:$I$49,MATCH($A16&"|"&D$15,Dados!$A$2:$A$49,0))="","",INDEX(Dados!$I$2:$I$49,MATCH($A16&"|"&D$15,Dados!$A$2:$A$49,0))/1000000),"") -> 9301.4435 | E16: =IFERROR(IF(INDEX(Dados!$I$2:$I$49,MATCH($A16&"|"&E$15,Dados!$A$2:$A$49,0))="","",INDEX(Dados!$I$2:$I$49,MATCH($A16&"|"&E$15,Dados!$A$2:$A$49,0))/1000000),"") -> 9153.7189 | F16: =IFERROR(IF(INDEX(Dados!$I$2:$I$49,MATCH($A16&"|"&F$15,Dados!$A$2:$A$49,0))="","",INDEX(Dados!$I$2:$I$49,MATCH($A16&"|"&F$15,Dados!$A$2:$A$49,0))/1000000),"") -> 9681.3436 | G16: =IFERROR(IF(INDEX(Dados!$I$2:$I$49,MATCH($A16&"|"&G$15,Dados!$A$2:$A$49,0))="","",INDEX(Dados!$I$2:$I$49,MATCH($A16&"|"&G$15,Dados!$A$2:$A$49,0))/1000000),"") -> 9925.6318 | H16: =IFERROR(IF(INDEX(Dados!$I$2:$I$49,MATCH($A16&"|"&H$15,Dados!$A$2:$A$49,0))="","",INDEX(Dados!$I$2:$I$49,MATCH($A16&"|"&H$15,Dados!$A$2:$A$49,0))/1000000),"") -> 9772.2198 | I16: =IFERROR(IF(INDEX(Dados!$I$2:$I$49,MATCH($A16&"|"&I$15,Dados!$A$2:$A$49,0))="","",INDEX(Dados!$I$2:$I$49,MATCH($A16&"|"&I$15,Dados!$A$2:$A$49,0))/1000000),"") -> 10599.373 | J16: =IFERROR(IF(INDEX(Dados!$I$2:$I$49,MATCH($A16&"|"&J$15,Dados!$A$2:$A$49,0))="","",INDEX(Dados!$I$2:$I$49,MATCH($A16&"|"&J$15,Dados!$A$2:$A$49,0))/1000000),"") -> 10865.145
A17: Assembleia Legislativa | B17: Poder Legislativo | C17: =IFERROR(IF(INDEX(Dados!$I$2:$I$49,MATCH($A17&"|"&C$15,Dados!$A$2:$A$49,0))="","",INDEX(Dados!$I$2:$I$49,MATCH($A17&"|"&C$15,Dados!$A$2:$A$49,0))/1000000),"") -> 196.47559 | D17: =IFERROR(IF(INDEX(Dados!$I$2:$I$49,MATCH($A17&"|"&D$15,Dados!$A$2:$A$49,0))="","",INDEX(Dados!$I$2:$I$49,MATCH($A17&"|"&D$15,Dados!$A$2:$A$49,0))/1000000),"") -> 204.05839 | E17: =IFERROR(IF(INDEX(Dados!$I$2:$I$49,MATCH($A17&"|"&E$15,Dados!$A$2:$A$49,0))="","",INDEX(Dados!$I$2:$I$49,MATCH($A17&"|"&E$15,Dados!$A$2:$A$49,0))/1000000),"") -> 216.48456 | F17: =IFERROR(IF(INDEX(Dados!$I$2:$I$49,MATCH($A17&"|"&F$15,Dados!$A$2:$A$49,0))="","",INDEX(Dados!$I$2:$I$49,MATCH($A17&"|"&F$15,Dados!$A$2:$A$49,0))/1000000),"") -> 227.79402 | G17: =IFERROR(IF(INDEX(Dados!$I$2:$I$49,MATCH($A17&"|"&G$15,Dados!$A$2:$A$49,0))="","",INDEX(Dados!$I$2:$I$49,MATCH($A17&"|"&G$15,Dados!$A$2:$A$49,0))/1000000),"") -> 241.37762 | H17: =IFERROR(IF(INDEX(Dados!$I$2:$I$49,MATCH($A17&"|"&H$15,Dados!$A$2:$A$49,0))="","",INDEX(Dados!$I$2:$I$49,MATCH($A17&"|"&H$15,Dados!$A$2:$A$49,0))/1000000),"") -> 250.63541 | I17: =IFERROR(IF(INDEX(Dados!$I$2:$I$49,MATCH($A17&"|"&I$15,Dados!$A$2:$A$49,0))="","",INDEX(Dados!$I$2:$I$49,MATCH($A17&"|"&I$15,Dados!$A$2:$A$49,0))/1000000),"") -> 258.81245 | J17: =IFERROR(IF(INDEX(Dados!$I$2:$I$49,MATCH($A17&"|"&J$15,Dados!$A$2:$A$49,0))="","",INDEX(Dados!$I$2:$I$49,MATCH($A17&"|"&J$15,Dados!$A$2:$A$49,0))/1000000),"") -> 296.08236
A18: Tribunal de Justiça | B18: Poder Judiciário | C18: =IFERROR(IF(INDEX(Dados!$I$2:$I$49,MATCH($A18&"|"&C$15,Dados!$A$2:$A$49,0))="","",INDEX(Dados!$I$2:$I$49,MATCH($A18&"|"&C$15,Dados!$A$2:$A$49,0))/1000000),"") -> 972.18093 | D18: =IFERROR(IF(INDEX(Dados!$I$2:$I$49,MATCH($A18&"|"&D$15,Dados!$A$2:$A$49,0))="","",INDEX(Dados!$I$2:$I$49,MATCH($A18&"|"&D$15,Dados!$A$2:$A$49,0))/1000000),"") -> 1010.9491 | E18: =IFERROR(IF(INDEX(Dados!$I$2:$I$49,MATCH($A18&"|"&E$15,Dados!$A$2:$A$49,0))="","",INDEX(Dados!$I$2:$I$49,MATCH($A18&"|"&E$15,Dados!$A$2:$A$49,0))/1000000),"") -> 1036.9511 | F18: =IFERROR(IF(INDEX(Dados!$I$2:$I$49,MATCH($A18&"|"&F$15,Dados!$A$2:$A$49,0))="","",INDEX(Dados!$I$2:$I$49,MATCH($A18&"|"&F$15,Dados!$A$2:$A$49,0))/1000000),"") -> 1059.4485 | G18: =IFERROR(IF(INDEX(Dados!$I$2:$I$49,MATCH($A18&"|"&G$15,Dados!$A$2:$A$49,0))="","",INDEX(Dados!$I$2:$I$49,MATCH($A18&"|"&G$15,Dados!$A$2:$A$49,0))/1000000),"") -> 1100.7828 | H18: =IFERROR(IF(INDEX(Dados!$I$2:$I$49,MATCH($A18&"|"&H$15,Dados!$A$2:$A$49,0))="","",INDEX(Dados!$I$2:$I$49,MATCH($A18&"|"&H$15,Dados!$A$2:$A$49,0))/1000000),"") -> 1147.674 | I18: =IFERROR(IF(INDEX(Dados!$I$2:$I$49,MATCH($A18&"|"&I$15,Dados!$A$2:$A$49,0))="","",INDEX(Dados!$I$2:$I$49,MATCH($A18&"|"&I$15,Dados!$A$2:$A$49,0))/1000000),"") -> 1168.4948 | J18: =IFERROR(IF(INDEX(Dados!$I$2:$I$49,MATCH($A18&"|"&J$15,Dados!$A$2:$A$49,0))="","",INDEX(Dados!$I$2:$I$49,MATCH($A18&"|"&J$15,Dados!$A$2:$A$49,0))/1000000),"") -> 1141.0975
A19: Tribunal de Contas | B19: Tribunal de Contas | C19: =IFERROR(IF(INDEX(Dados!$I$2:$I$49,MATCH($A19&"|"&C$15,Dados!$A$2:$A$49,0))="","",INDEX(Dados!$I$2:$I$49,MATCH($A19&"|"&C$15,Dados!$A$2:$A$49,0))/1000000),"") -> 184.84548 | D19: =IFERROR(IF(INDEX(Dados!$I$2:$I$49,MATCH($A19&"|"&D$15,Dados!$A$2:$A$49,0))="","",INDEX(Dados!$I$2:$I$49,MATCH($A19&"|"&D$15,Dados!$A$2:$A$49,0))/1000000),"") -> 192.99607 | E19: =IFERROR(IF(INDEX(Dados!$I$2:$I$49,MATCH($A19&"|"&E$15,Dados!$A$2:$A$49,0))="","",INDEX(Dados!$I$2:$I$49,MATCH($A19&"|"&E$15,Dados!$A$2:$A$49,0))/1000000),"") -> 204.28603 | F19: =IFERROR(IF(INDEX(Dados!$I$2:$I$49,MATCH($A19&"|"&F$15,Dados!$A$2:$A$49,0))="","",INDEX(Dados!$I$2:$I$49,MATCH($A19&"|"&F$15,Dados!$A$2:$A$49,0))/1000000),"") -> 212.5449 | G19: =IFERROR(IF(INDEX(Dados!$I$2:$I$49,MATCH($A19&"|"&G$15,Dados!$A$2:$A$49,0))="","",INDEX(Dados!$I$2:$I$49,MATCH($A19&"|"&G$15,Dados!$A$2:$A$49,0))/1000000),"") -> 216.15166 | H19: =IFERROR(IF(INDEX(Dados!$I$2:$I$49,MATCH($A19&"|"&H$15,Dados!$A$2:$A$49,0))="","",INDEX(Dados!$I$2:$I$49,MATCH($A19&"|"&H$15,Dados!$A$2:$A$49,0))/1000000),"") -> 219.70242 | I19: =IFERROR(IF(INDEX(Dados!$I$2:$I$49,MATCH($A19&"|"&I$15,Dados!$A$2:$A$49,0))="","",INDEX(Dados!$I$2:$I$49,MATCH($A19&"|"&I$15,Dados!$A$2:$A$49,0))/1000000),"") -> 226.67898 | J19: =IFERROR(IF(INDEX(Dados!$I$2:$I$49,MATCH($A19&"|"&J$15,Dados!$A$2:$A$49,0))="","",INDEX(Dados!$I$2:$I$49,MATCH($A19&"|"&J$15,Dados!$A$2:$A$49,0))/1000000),"") -> 250.34556
A20: Defensoria Pública | B20: Defensoria Pública | C20: =IFERROR(IF(INDEX(Dados!$I$2:$I$49,MATCH($A20&"|"&C$15,Dados!$A$2:$A$49,0))="","",INDEX(Dados!$I$2:$I$49,MATCH($A20&"|"&C$15,Dados!$A$2:$A$49,0))/1000000),"") -> 201.32938 | D20: =IFERROR(IF(INDEX(Dados!$I$2:$I$49,MATCH($A20&"|"&D$15,Dados!$A$2:$A$49,0))="","",INDEX(Dados!$I$2:$I$49,MATCH($A20&"|"&D$15,Dados!$A$2:$A$49,0))/1000000),"") -> 204.75295 | E20: =IFERROR(IF(INDEX(Dados!$I$2:$I$49,MATCH($A20&"|"&E$15,Dados!$A$2:$A$49,0))="","",INDEX(Dados!$I$2:$I$49,MATCH($A20&"|"&E$15,Dados!$A$2:$A$49,0))/1000000),"") -> 201.22183 | F20: =IFERROR(IF(INDEX(Dados!$I$2:$I$49,MATCH($A20&"|"&F$15,Dados!$A$2:$A$49,0))="","",INDEX(Dados!$I$2:$I$49,MATCH($A20&"|"&F$15,Dados!$A$2:$A$49,0))/1000000),"") -> 209.22704 | G20: =IFERROR(IF(INDEX(Dados!$I$2:$I$49,MATCH($A20&"|"&G$15,Dados!$A$2:$A$49,0))="","",INDEX(Dados!$I$2:$I$49,MATCH($A20&"|"&G$15,Dados!$A$2:$A$49,0))/1000000),"") -> 218.7978 | H20: =IFERROR(IF(INDEX(Dados!$I$2:$I$49,MATCH($A20&"|"&H$15,Dados!$A$2:$A$49,0))="","",INDEX(Dados!$I$2:$I$49,MATCH($A20&"|"&H$15,Dados!$A$2:$A$49,0))/1000000),"") -> 233.1463 | I20: =IFERROR(IF(INDEX(Dados!$I$2:$I$49,MATCH($A20&"|"&I$15,Dados!$A$2:$A$49,0))="","",INDEX(Dados!$I$2:$I$49,MATCH($A20&"|"&I$15,Dados!$A$2:$A$49,0))/1000000),"") -> 244.28846 | J20: =IFERROR(IF(INDEX(Dados!$I$2:$I$49,MATCH($A20&"|"&J$15,Dados!$A$2:$A$49,0))="","",INDEX(Dados!$I$2:$I$49,MATCH($A20&"|"&J$15,Dados!$A$2:$A$49,0))/1000000),"") -> 254.3965
A21: Ministério Público | B21: Ministério Público | C21: =IFERROR(IF(INDEX(Dados!$I$2:$I$49,MATCH($A21&"|"&C$15,Dados!$A$2:$A$49,0))="","",INDEX(Dados!$I$2:$I$49,MATCH($A21&"|"&C$15,Dados!$A$2:$A$49,0))/1000000),"") -> 289.1243 | D21: =IFERROR(IF(INDEX(Dados!$I$2:$I$49,MATCH($A21&"|"&D$15,Dados!$A$2:$A$49,0))="","",INDEX(Dados!$I$2:$I$49,MATCH($A21&"|"&D$15,Dados!$A$2:$A$49,0))/1000000),"") -> 294.68507 | E21: =IFERROR(IF(INDEX(Dados!$I$2:$I$49,MATCH($A21&"|"&E$15,Dados!$A$2:$A$49,0))="","",INDEX(Dados!$I$2:$I$49,MATCH($A21&"|"&E$15,Dados!$A$2:$A$49,0))/1000000),"") -> 304.06547 | F21: =IFERROR(IF(INDEX(Dados!$I$2:$I$49,MATCH($A21&"|"&F$15,Dados!$A$2:$A$49,0))="","",INDEX(Dados!$I$2:$I$49,MATCH($A21&"|"&F$15,Dados!$A$2:$A$49,0))/1000000),"") -> 315.14975 | G21: =IFERROR(IF(INDEX(Dados!$I$2:$I$49,MATCH($A21&"|"&G$15,Dados!$A$2:$A$49,0))="","",INDEX(Dados!$I$2:$I$49,MATCH($A21&"|"&G$15,Dados!$A$2:$A$49,0))/1000000),"") -> 328.68019 | H21: =IFERROR(IF(INDEX(Dados!$I$2:$I$49,MATCH($A21&"|"&H$15,Dados!$A$2:$A$49,0))="","",INDEX(Dados!$I$2:$I$49,MATCH($A21&"|"&H$15,Dados!$A$2:$A$49,0))/1000000),"") -> 345.45033 | I21: =IFERROR(IF(INDEX(Dados!$I$2:$I$49,MATCH($A21&"|"&I$15,Dados!$A$2:$A$49,0))="","",INDEX(Dados!$I$2:$I$49,MATCH($A21&"|"&I$15,Dados!$A$2:$A$49,0))/1000000),"") -> 400.14023 | J21: =IFERROR(IF(INDEX(Dados!$I$2:$I$49,MATCH($A21&"|"&J$15,Dados!$A$2:$A$49,0))="","",INDEX(Dados!$I$2:$I$49,MATCH($A21&"|"&J$15,Dados!$A$2:$A$49,0))/1000000),"") -> 373.95383
A23: Órgãos sem % declarado no RGF (ex.: Defensoria Pública, sem limite próprio na LRF) têm o % calculado como despesa líquida com pessoal / RCL Ajustada do Executivo. Ver aba Notas.

Sheet Dados
A1: Chave | B1: Órgão | C1: Poder / órgão | D1: Instituição | E1: Exercício | F1: Quadrimestre | G1: Período | H1: Meses de referência | I1: Despesa total com pessoal - DTP (R$) | J1: RCL Ajustada (R$) | K1: % DTP / RCL Ajustada | L1: % declarado no RGF | M1: Confere com o declarado? | N1: Limite máximo (%) | O1: Limite prudencial (%) | P1: Limite de alerta (%) | Q1: Limite máximo (R$) | R1: Limite prudencial (R$) | S1: Limite de alerta (R$) | T1: Situação | U1: Origem do %
A2: =B2&"|"&G2 -> Governo|1º quad. 2024 | B2: Governo | C2: Poder Executivo | D2: Governo do Estado do Mato Grosso do Sul | E2: 2024 | F2: 1 | G2: 1º quad. 2024 | H2: mai/2023 a abr/2024 | I2: 8.9154229e+09 | J2: 2.0028371e+10 | K2: =IF(OR(I2="",J2="",J2=0),"",I2/J2) -> 0.44513968 | L2: 0.4451 | M2: =IF(L2="","Não declarado",IF(K2="","Sem dado",IF(ABS(K2-L2)<=0.00005,"Sim","Não"))) -> Sim | N2: 0.49 | O2: 0.4655 | P2: 0.441 | Q2: 9.813902e+09 | R2: 9.3232069e+09 | S2: 8.8325118e+09 | T2: =IF(K2="","Sem dado",IF(N2="","Sem limite próprio na LRF",IF(AND(Q2<>"",R2<>"",S2<>""),IF(I2>Q2,"Acima do limite máximo",IF(I2>R2,"Acima do limite prudencial",IF(I2>S2,"Acima do limite de alerta","Abaixo do limite de alerta"))),IF(K2>N2,"Acima do limite máximo",IF(K2>O2,"Acima do limite prudencial",IF(K2>P2,"Acima do limite de alerta","Abaixo do limite de alerta")))))) -> Acima do limite de alerta | U2: Declarado no RGF
A3: =B3&"|"&G3 -> Governo|2º quad. 2024 | B3: Governo | C3: Poder Executivo | D3: Governo do Estado do Mato Grosso do Sul | E3: 2024 | F3: 2 | G3: 2º quad. 2024 | H3: set/2023 a ago/2024 | I3: 9.3014435e+09 | J3: 2.0288168e+10 | K3: =IF(OR(I3="",J3="",J3=0),"",I3/J3) -> 0.45846642 | L3: 0.4585 | M3: =IF(L3="","Não declarado",IF(K3="","Sem dado",IF(ABS(K3-L3)<=0.00005,"Sim","Não"))) -> Sim | N3: 0.49 | O3: 0.4655 | P3: 0.441 | Q3: 9.9412021e+09 | R3: 9.444142e+09 | S3: 8.9470819e+09 | T3: =IF(K3="","Sem dado",IF(N3="","Sem limite próprio na LRF",IF(AND(Q3<>"",R3<>"",S3<>""),IF(I3>Q3,"Acima do limite máximo",IF(I3>R3,"Acima do limite prudencial",IF(I3>S3,"Acima do limite de alerta","Abaixo do limite de alerta"))),IF(K3>N3,"Acima do limite máximo",IF(K3>O3,"Acima do limite prudencial",IF(K3>P3,"Acima do limite de alerta","Abaixo do limite de alerta")))))) -> Acima do limite de alerta | U3: Declarado no RGF
A4: =B4&"|"&G4 -> Governo|3º quad. 2024 | B4: Governo | C4: Poder Executivo | D4: Governo do Estado do Mato Grosso do Sul | E4: 2024 | F4: 3 | G4: 3º quad. 2024 | H4: jan/2024 a dez/2024 | I4: 9.1537189e+09 | J4: 2.0253127e+10 | K4: =IF(OR(I4="",J4="",J4=0),"",I4/J4) -> 0.4519657 | L4: 0.452 | M4: =IF(L4="","Não declarado",IF(K4="","Sem dado",IF(ABS(K4-L4)<=0.00005,"Sim","Não"))) -> Sim | N4: 0.49 | O4: 0.4655 | P4: 0.441 | Q4: 9.9240324e+09 | R4: 9.4278307e+09 | S4: 8.9316291e+09 | T4: =IF(K4="","Sem dado",IF(N4="","Sem limite próprio na LRF",IF(AND(Q4<>"",R4<>"",S4<>""),IF(I4>Q4,"Acima do limite máximo",IF(I4>R4,"Acima do limite prudencial",IF(I4>S4,"Acima do limite de alerta","Abaixo do limite de alerta"))),IF(K4>N4,"Acima do limite máximo",IF(K4>O4,"Acima do limite prudencial",IF(K4>P4,"Acima do limite de alerta","Abaixo do limite de alerta")))))) -> Acima do limite de alerta | U4: Declarado no RGF
A5: =B5&"|"&G5 -> Governo|1º quad. 2025 | B5: Governo | C5: Poder Executivo | D5: Governo do Estado do Mato Grosso do Sul | E5: 2025 | F5: 1 | G5: 1º quad. 2025 | H5: mai/2024 a abr/2025 | I5: 9.6813436e+09 | J5: 2.0632009e+10 | K5: =IF(OR(I5="",J5="",J5=0),"",I5/J5) -> 0.46923902 | L5: 0.4692 | M5: =IF(L5="","Não declarado",IF(K5="","Sem dado",IF(ABS(K5-L5)<=0.00005,"Sim","Não"))) -> Sim | N5: 0.49 | O5: 0.4655 | P5: 0.441 | Q5: 1.0109684e+10 | R5: 9.6042001e+09 | S5: 9.0987159e+09 | T5: =IF(K5="","Sem dado",IF(N5="","Sem limite próprio na LRF",IF(AND(Q5<>"",R5<>"",S5<>""),IF(I5>Q5,"Acima do limite máximo",IF(I5>R5,"Acima do limite prudencial",IF(I5>S5,"Acima do limite de alerta","Abaixo do limite de alerta"))),IF(K5>N5,"Acima do limite máximo",IF(K5>O5,"Acima do limite prudencial",IF(K5>P5,"Acima do limite de alerta","Abaixo do limite de alerta")))))) -> Acima do limite prudencial | U5: Declarado no RGF
A6: =B6&"|"&G6 -> Governo|2º quad. 2025 | B6: Governo | C6: Poder Executivo | D6: Governo do Estado do Mato Grosso do Sul | E6: 2025 | F6: 2 | G6: 2º quad. 2025 | H6: set/2024 a ago/2025 | I6: 9.9256318e+09 | J6: 2.116145e+10 | K6: =IF(OR(I6="",J6="",J6=0),"",I6/J6) -> 0.46904308 | L6: 0.469 | M6: =IF(L6="","Não declarado",IF(K6="","Sem dado",IF(ABS(K6-L6)<=0.00005,"Sim","Não"))) -> Sim | N6: 0.49 | O6: 0.4655 | P6: 0.441 | Q6: 1.0369111e+10 | R6: 9.850655e+09 | S6: 9.3321995e+09 | T6: =IF(K6="","Sem dado",IF(N6="","Sem limite próprio na LRF",IF(AND(Q6<>"",R6<>"",S6<>""),IF(I6>Q6,"Acima do limite máximo",IF(I6>R6,"Acima do limite prudencial",IF(I6>S6,"Acima do limite de alerta","Abaixo do limite de alerta"))),IF(K6>N6,"Acima do limite máximo",IF(K6>O6,"Acima do limite prudencial",IF(K6>P6,"Acima do limite de alerta","Abaixo do limite de alerta")))))) -> Acima do limite prudencial | U6: Declarado no RGF
A7: =B7&"|"&G7 -> Governo|3º quad. 2025 | B7: Governo | C7: Poder Executivo | D7: Governo do Estado do Mato Grosso do Sul | E7: 2025 | F7: 3 | G7: 3º quad. 2025 | H7: jan/2025 a dez/2025 | I7: 9.7722198e+09 | J7: 2.210866e+10 | K7: =IF(OR(I7="",J7="",J7=0),"",I7/J7) -> 0.44200869 | L7: 0.442 | M7: =IF(L7="","Não declarado",IF(K7="","Sem dado",IF(ABS(K7-L7)<=0.00005,"Sim","Não"))) -> Sim | N7: 0.49 | O7: 0.4655 | P7: 0.441 | Q7: 1.0833243e+10 | R7: 1.0291581e+10 | S7: 9.749919e+09 | T7: =IF(K7="","Sem dado",IF(N7="","Sem limite próprio na LRF",IF(AND(Q7<>"",R7<>"",S7<>""),IF(I7>Q7,"Acima do limite máximo",IF(I7>R7,"Acima do limite prudencial",IF(I7>S7,"Acima do limite de alerta","Abaixo do limite de alerta"))),IF(K7>N7,"Acima do limite máximo",IF(K7>O7,"Acima do limite prudencial",IF(K7>P7,"Acima do limite de alerta","Abaixo do limite de alerta")))))) -> Acima do limite de alerta | U7: Declarado no RGF
A8: =B8&"|"&G8 -> Governo|1º quad. 2026 | B8: Governo | C8: Poder Executivo | D8: Governo do Estado do Mato Grosso do Sul | E8: 2026 | F8: 1 | G8: 1º quad. 2026 | H8: mai/2025 a abr/2026 | I8: 1.0599373e+10 | J8: 2.2737534e+10 | K8: =IF(OR(I8="",J8="",J8=0),"",I8/J8) -> 0.46616193 | L8: 0.4662 | M8: =IF(L8="","Não declarado",IF(K8="","Sem dado",IF(ABS(K8-L8)<=0.00005,"Sim","Não"))) -> Sim | N8: 0.49 | O8: 0.4655 | P8: 0.441 | Q8: 1.1141392e+10 | R8: 1.0584322e+10 | S8: 1.0027253e+10 | T8: =IF(K8="","Sem dado",IF(N8="","Sem limite próprio na LRF",IF(AND(Q8<>"",R8<>"",S8<>""),IF(I8>Q8,"Acima do limite máximo",IF(I8>R8,"Acima do limite prudencial",IF(I8>S8,"Acima do limite de alerta","Abaixo do limite de alerta"))),IF(K8>N8,"Acima do limite máximo",IF(K8>O8,"Acima do limite prudencial",IF(K8>P8,"Acima do limite de alerta","Abaixo do limite de alerta")))))) -> Acima do limite prudencial | U8: Declarado no RGF
A9: =B9&"|"&G9 -> Governo|2º quad. 2026 | B9: Governo | C9: Poder Executivo | D9: Governo do Estado do Mato Grosso do Sul | E9: 2026 | F9: 2 | G9: 2º quad. 2026 | H9: set/2025 a ago/2026 | I9: 1.0865145e+10 | J9: 2.3108986e+10 | K9: =IF(OR(I9="",J9="",J9=0),"",I9/J9) -> 0.47016972 | L9: 0.4702 | M9: =IF(L9="","Não declarado",IF(K9="","Sem dado",IF(ABS(K9-L9)<=0.00005,"Sim","Não"))) -> Sim | N9: 0.49 | O9: 0.4655 | P9: 0.441 | Q9: 1.1323403e+10 | R9: 1.0757233e+10 | S9: 1.0191063e+10 | T9: =IF(K9="","Sem dado",IF(N9="","Sem limite próprio na LRF",IF(AND(Q9<>"",R9<>"",S9<>""),IF(I9>Q9,"Acima do limite máximo",IF(I9>R9,"Acima do limite prudencial",IF(I9>S9,"Acima do limite de alerta","Abaixo do limite de alerta"))),IF(K9>N9,"Acima do limite máximo",IF(K9>O9,"Acima do limite prudencial",IF(K9>P9,"Acima do limite de alerta","Abaixo do limite de alerta")))))) -> Acima do limite prudencial | U9: Declarado no RGF
A10: =B10&"|"&G10 -> Assembleia Legislativa|1º quad. 2024 | B10: Assembleia Legislativa | C10: Poder Legislativo | D10: Assembleia Legislativa do Estado do Mato Grosso do Sul | E10: 2024 | F10: 1 | G10: 1º quad. 2024 | H10: mai/2023 a abr/2024 | I10: 1.9647559e+08 | J10: 2.0028371e+10 | K10: =IF(OR(I10="",J10="",J10=0),"",I10/J10) -> 0.0098098638 | L10: 0.0098 | M10: =IF(L10="","Não declarado",IF(K10="","Sem dado",IF(ABS(K10-L10)<=0.00005,"Sim","Não"))) -> Sim | N10: 0.0168 | O10: 0.016 | P10: 0.0151 | Q10: 3.3647664e+08 | R10: 3.1965281e+08 | S10: 3.0282898e+08 | T10: =IF(K10="","Sem dado",IF(N10="","Sem limite próprio na LRF",IF(AND(Q10<>"",R10<>"",S10<>""),IF(I10>Q10,"Acima do limite máximo",IF(I10>R10,"Acima do limite prudencial",IF(I10>S10,"Acima do limite de alerta","Abaixo do limite de alerta"))),IF(K10>N10,"Acima do limite máximo",IF(K10>O10,"Acima do limite prudencial",IF(K10>P10,"Acima do limite de alerta","Abaixo do limite de alerta")))))) -> Abaixo do limite de alerta | U10: Declarado no RGF
A11: =B11&"|"&G11 -> Assembleia Legislativa|2º quad. 2024 | B11: Assembleia Legislativa | C11: Poder Legislativo | D11: Assembleia Legislativa do Estado do Mato Grosso do Sul | E11: 2024 | F11: 2 | G11: 2º quad. 2024 | H11: set/2023 a ago/2024 | I11: 2.0405839e+08 | J11: 2.0288168e+10 | K11: =IF(OR(I11="",J11="",J11=0),"",I11/J11) -> 0.010058 | L11: 0.0101 | M11: =IF(L11="","Não declarado",IF(K11="","Sem dado",IF(ABS(K11-L11)<=0.00005,"Sim","Não"))) -> Sim | N11: 0.0168 | O11: 0.016 | P11: 0.0151 | Q11: 3.4084122e+08 | R11: 3.2379916e+08 | S11: 3.0675709e+08 | T11: =IF(K11="","Sem dado",IF(N11="","Sem limite próprio na LRF",IF(AND(Q11<>"",R11<>"",S11<>""),IF(I11>Q11,"Acima do limite máximo",IF(I11>R11,"Acima do limite prudencial",IF(I11>S11,"Acima do limite de alerta","Abaixo do limite de alerta"))),IF(K11>N11,"Acima do limite máximo",IF(K11>O11,"Acima do limite prudencial",IF(K11>P11,"Acima do limite de alerta","Abaixo do limite de alerta")))))) -> Abaixo do limite de alerta | U11: Declarado no RGF
A12: =B12&"|"&G12 -> Assembleia Legislativa|3º quad. 2024 | B12: Assembleia Legislativa | C12: Poder Legislativo | D12: Assembleia Legislativa do Estado do Mato Grosso do Sul | E12: 2024 | F12: 3 | G12: 3º quad. 2024 | H12: jan/2024 a dez/2024 | I12: 2.1648456e+08 | J12: 2.0253127e+10 | K12: =IF(OR(I12="",J12="",J12=0),"",I12/J12) -> 0.010688945 | L12: 0.0107 | M12: =IF(L12="","Não declarado",IF(K12="","Sem dado",IF(ABS(K12-L12)<=0.00005,"Sim","Não"))) -> Sim | N12: 0.0168 | O12: 0.016 | P12: 0.0151 | Q12: 3.4025254e+08 | R12: 3.2323991e+08 | S12: 3.0622728e+08 | T12: =IF(K12="","Sem dado",IF(N12="","Sem limite próprio na LRF",IF(AND(Q12<>"",R12<>"",S12<>""),IF(I12>Q12,"Acima do limite máximo",IF(I12>R12,"Acima do limite prudencial",IF(I12>S12,"Acima do limite de alerta","Abaixo do limite de alerta"))),IF(K12>N12,"Acima do limite máximo",IF(K12>O12,"Acima do limite prudencial",IF(K12>P12,"Acima do limite de alerta","Abaixo do limite de alerta")))))) -> Abaixo do limite de alerta | U12: Declarado no RGF
A13: =B13&"|"&G13 -> Assembleia Legislativa|1º quad. 2025 | B13: Assembleia Legislativa | C13: Poder Legislativo | D13: Assembleia Legislativa do Estado do Mato Grosso do Sul | E13: 2025 | F13: 1 | G13: 1º quad. 2025 | H13: mai/2024 a abr/2025 | I13: 2.2779402e+08 | J13: 2.0632009e+10 | K13: =IF(OR(I13="",J13="",J13=0),"",I13/J13) -> 0.011040807 | L13: 0.011 | M13: =IF(L13="","Não declarado",IF(K13="","Sem dado",IF(ABS(K13-L13)<=0.00005,"Sim","Não"))) -> Sim | N13: 0.0168 | O13: 0.016 | P13: 0.0151 | Q13: 3.4661775e+08 | R13: 3.2928686e+08 | S13: 3.1195597e+08 | T13: =IF(K13="","Sem dado",IF(N13="","Sem limite próprio na LRF",IF(AND(Q13<>"",R13<>"",S13<>""),IF(I13>Q13,"Acima do limite máximo",IF(I13>R13,"Acima do limite prudencial",IF(I13>S13,"Acima do limite de alerta","Abaixo do limite de alerta"))),IF(K13>N13,"Acima do limite máximo",IF(K13>O13,"Acima do limite prudencial",IF(K13>P13,"Acima do limite de alerta","Abaixo do limite de alerta")))))) -> Abaixo do limite de alerta | U13: Declarado no RGF
... A33: =B33&"|"&G33 -> Tribunal de Contas|2º quad. 2026 | B33: Tribunal de Contas | C33: Tribunal de Contas | D33: Tribunal de Contas do Estado do Mato Grosso do Sul | E33: 2026 | F33: 2 | G33: 2º quad. 2026 | H33: set/2025 a ago/2026 | I33: 2.5034556e+08 | J33: 2.3108986e+10 | K33: =IF(OR(I33="",J33="",J33=0),"",I33/J33) -> 0.010833256 | L33: 0.0108 | M33: =IF(L33="","Não declarado",IF(K33="","Sem dado",IF(ABS(K33-L33)<=0.00005,"Sim","Não"))) -> Sim | N33: 0.0132 | O33: 0.0125 | P33: 0.0119 | Q33: 3.0503861e+08 | R33: 2.8978668e+08 | S33: 2.7453475e+08 | T33: =IF(K33="","Sem dado",IF(N33="","Sem limite próprio na LRF",IF(AND(Q33<>"",R33<>"",S33<>""),IF(I33>Q33,"Acima do limite máximo",IF(I33>R33,"Acima do limite prudencial",IF(I33>S33,"Acima do limite de alerta","Abaixo do limite de alerta"))),IF(K33>N33,"Acima do limite máximo",IF(K33>O33,"Acima do limite prudencial",IF(K33>P33,"Acima do limite de alerta","Abaixo do limite de alerta")))))) -> Abaixo do limite de alerta | U33: Declarado no RGF
A34: =B34&"|"&G34 -> Defensoria Pública|1º quad. 2024 | B34: Defensoria Pública | C34: Defensoria Pública | D34: Defensoria Pública do Estado do Mato Grosso do Sul | E34: 2024 | F34: 1 | G34: 1º quad. 2024 | H34: mai/2023 a abr/2024 | I34: 2.0132938e+08 | J34: 2.0028371e+10 | K34: =IF(OR(I34="",J34="",J34=0),"",I34/J34) -> 0.010052209 | M34: =IF(L34="","Não declarado",IF(K34="","Sem dado",IF(ABS(K34-L34)<=0.00005,"Sim","Não"))) -> Não declarado | T34: =IF(K34="","Sem dado",IF(N34="","Sem limite próprio na LRF",IF(AND(Q34<>"",R34<>"",S34<>""),IF(I34>Q34,"Acima do limite máximo",IF(I34>R34,"Acima do limite prudencial",IF(I34>S34,"Acima do limite de alerta","Abaixo do limite de alerta"))),IF(K34>N34,"Acima do limite máximo",IF(K34>O34,"Acima do limite prudencial",IF(K34>P34,"Acima do limite de alerta","Abaixo do limite de alerta")))))) -> Sem limite próprio na LRF | U34: Calculado (despesa líquida / RCL Ajustada do Executivo)
A35: =B35&"|"&G35 -> Defensoria Pública|2º quad. 2024 | B35: Defensoria Pública | C35: Defensoria Pública | D35: Defensoria Pública do Estado do Mato Grosso do Sul | E35: 2024 | F35: 2 | G35: 2º quad. 2024 | H35: set/2023 a ago/2024 | I35: 2.0475295e+08 | J35: 2.0288168e+10 | K35: =IF(OR(I35="",J35="",J35=0),"",I35/J35) -> 0.010092234 | M35: =IF(L35="","Não declarado",IF(K35="","Sem dado",IF(ABS(K35-L35)<=0.00005,"Sim","Não"))) -> Não declarado | T35: =IF(K35="","Sem dado",IF(N35="","Sem limite próprio na LRF",IF(AND(Q35<>"",R35<>"",S35<>""),IF(I35>Q35,"Acima do limite máximo",IF(I35>R35,"Acima do limite prudencial",IF(I35>S35,"Acima do limite de alerta","Abaixo do limite de alerta"))),IF(K35>N35,"Acima do limite máximo",IF(K35>O35,"Acima do limite prudencial",IF(K35>P35,"Acima do limite de alerta","Abaixo do limite de alerta")))))) -> Sem limite próprio na LRF | U35: Calculado (despesa líquida / RCL Ajustada do Executivo)
A36: =B36&"|"&G36 -> Defensoria Pública|3º quad. 2024 | B36: Defensoria Pública | C36: Defensoria Pública | D36: Defensoria Pública do Estado do Mato Grosso do Sul | E36: 2024 | F36: 3 | G36: 3º quad. 2024 | H36: jan/2024 a dez/2024 | I36: 2.0122183e+08 | J36: 2.0253127e+10 | K36: =IF(OR(I36="",J36="",J36=0),"",I36/J36) -> 0.0099353461 | M36: =IF(L36="","Não declarado",IF(K36="","Sem dado",IF(ABS(K36-L36)<=0.00005,"Sim","Não"))) -> Não declarado | T36: =IF(K36="","Sem dado",IF(N36="","Sem limite próprio na LRF",IF(AND(Q36<>"",R36<>"",S36<>""),IF(I36>Q36,"Acima do limite máximo",IF(I36>R36,"Acima do limite prudencial",IF(I36>S36,"Acima do limite de alerta","Abaixo do limite de alerta"))),IF(K36>N36,"Acima do limite máximo",IF(K36>O36,"Acima do limite prudencial",IF(K36>P36,"Acima do limite de alerta","Abaixo do limite de alerta")))))) -> Sem limite próprio na LRF | U36: Calculado (despesa líquida / RCL Ajustada do Executivo)
A37: =B37&"|"&G37 -> Defensoria Pública|1º quad. 2025 | B37: Defensoria Pública | C37: Defensoria Pública | D37: Defensoria Pública do Estado do Mato Grosso do Sul | E37: 2025 | F37: 1 | G37: 1º quad. 2025 | H37: mai/2024 a abr/2025 | I37: 2.0922704e+08 | J37: 2.0632009e+10 | K37: =IF(OR(I37="",J37="",J37=0),"",I37/J37) -> 0.010140895 | M37: =IF(L37="","Não declarado",IF(K37="","Sem dado",IF(ABS(K37-L37)<=0.00005,"Sim","Não"))) -> Não declarado | T37: =IF(K37="","Sem dado",IF(N37="","Sem limite próprio na LRF",IF(AND(Q37<>"",R37<>"",S37<>""),IF(I37>Q37,"Acima do limite máximo",IF(I37>R37,"Acima do limite prudencial",IF(I37>S37,"Acima do limite de alerta","Abaixo do limite de alerta"))),IF(K37>N37,"Acima do limite máximo",IF(K37>O37,"Acima do limite prudencial",IF(K37>P37,"Acima do limite de alerta","Abaixo do limite de alerta")))))) -> Sem limite próprio na LRF | U37: Calculado (despesa líquida / RCL Ajustada do Executivo)
A38: =B38&"|"&G38 -> Defensoria Pública|2º quad. 2025 | B38: Defensoria Pública | C38: Defensoria Pública | D38: Defensoria Pública do Estado do Mato Grosso do Sul | E38: 2025 | F38: 2 | G38: 2º quad. 2025 | H38: set/2024 a ago/2025 | I38: 2.187978e+08 | J38: 2.116145e+10 | K38: =IF(OR(I38="",J38="",J38=0),"",I38/J38) -> 0.010339452 | M38: =IF(L38="","Não declarado",IF(K38="","Sem dado",IF(ABS(K38-L38)<=0.00005,"Sim","Não"))) -> Não declarado | T38: =IF(K38="","Sem dado",IF(N38="","Sem limite próprio na LRF",IF(AND(Q38<>"",R38<>"",S38<>""),IF(I38>Q38,"Acima do limite máximo",IF(I38>R38,"Acima do limite prudencial",IF(I38>S38,"Acima do limite de alerta","Abaixo do limite de alerta"))),IF(K38>N38,"Acima do limite máximo",IF(K38>O38,"Acima do limite prudencial",IF(K38>P38,"Acima do limite de alerta","Abaixo do limite de alerta")))))) -> Sem limite próprio na LRF | U38: Calculado (despesa líquida / RCL Ajustada do Executivo)
A39: =B39&"|"&G39 -> Defensoria Pública|3º quad. 2025 | B39: Defensoria Pública | C39: Defensoria Pública | D39: Defensoria Pública do Estado do Mato Grosso do Sul | E39: 2025 | F39: 3 | G39: 3º quad. 2025 | H39: jan/2025 a dez/2025 | I39: 2.331463e+08 | J39: 2.210866e+10 | K39: =IF(OR(I39="",J39="",J39=0),"",I39/J39) -> 0.010545474 | M39: =IF(L39="","Não declarado",IF(K39="","Sem dado",IF(ABS(K39-L39)<=0.00005,"Sim","Não"))) -> Não declarado | T39: =IF(K39="","Sem dado",IF(N39="","Sem limite próprio na LRF",IF(AND(Q39<>"",R39<>"",S39<>""),IF(I39>Q39,"Acima do limite máximo",IF(I39>R39,"Acima do limite prudencial",IF(I39>S39,"Acima do limite de alerta","Abaixo do limite de alerta"))),IF(K39>N39,"Acima do limite máximo",IF(K39>O39,"Acima do limite prudencial",IF(K39>P39,"Acima do limite de alerta","Abaixo do limite de alerta")))))) -> Sem limite próprio na LRF | U39: Calculado (despesa líquida / RCL Ajustada do Executivo)
A40: =B40&"|"&G40 -> Defensoria Pública|1º quad. 2026 | B40: Defensoria Pública | C40: Defensoria Pública | D40: Defensoria Pública do Estado do Mato Grosso do Sul | E40: 2026 | F40: 1 | G40: 1º quad. 2026 | H40: mai/2025 a abr/2026 | I40: 2.4428846e+08 | J40: 2.2737534e+10 | K40: =IF(OR(I40="",J40="",J40=0),"",I40/J40) -> 0.010743841 | M40: =IF(L40="","Não declarado",IF(K40="","Sem dado",IF(ABS(K40-L40)<=0.00005,"Sim","Não"))) -> Não declarado | T40: =IF(K40="","Sem dado",IF(N40="","Sem limite próprio na LRF",IF(AND(Q40<>"",R40<>"",S40<>""),IF(I40>Q40,"Acima do limite máximo",IF(I40>R40,"Acima do limite prudencial",IF(I40>S40,"Acima do limite de alerta","Abaixo do limite de alerta"))),IF(K40>N40,"Acima do limite máximo",IF(K40>O40,"Acima do limite prudencial",IF(K40>P40,"Acima do limite de alerta","Abaixo do limite de alerta")))))) -> Sem limite próprio na LRF | U40: Calculado (despesa líquida / RCL Ajustada do Executivo)
A41: =B41&"|"&G41 -> Defensoria Pública|2º quad. 2026 | B41: Defensoria Pública | C41: Defensoria Pública | D41: Defensoria Pública do Estado do Mato Grosso do Sul | E41: 2026 | F41: 2 | G41: 2º quad. 2026 | H41: set/2025 a ago/2026 | I41: 2.543965e+08 | J41: 2.3108986e+10 | K41: =IF(OR(I41="",J41="",J41=0),"",I41/J41) -> 0.011008553 | M41: =IF(L41="","Não declarado",IF(K41="","Sem dado",IF(ABS(K41-L41)<=0.00005,"Sim","Não"))) -> Não declarado | T41: =IF(K41="","Sem dado",IF(N41="","Sem limite próprio na LRF",IF(AND(Q41<>"",R41<>"",S41<>""),IF(I41>Q41,"Acima do limite máximo",IF(I41>R41,"Acima do limite prudencial",IF(I41>S41,"Acima do limite de alerta","Abaixo do limite de alerta"))),IF(K41>N41,"Acima do limite máximo",IF(K41>O41,"Acima do limite prudencial",IF(K41>P41,"Acima do limite de alerta","Abaixo do limite de alerta")))))) -> Sem limite próprio na LRF | U41: Calculado (despesa líquida / RCL Ajustada do Executivo)
A42: =B42&"|"&G42 -> Ministério Público|1º quad. 2024 | B42: Ministério Público | C42: Ministério Público | D42: Ministério Público do Estado do Mato Grosso do Sul | E42: 2024 | F42: 1 | G42: 1º quad. 2024 | H42: mai/2023 a abr/2024 | I42: 2.891243e+08 | J42: 2.0028371e+10 | K42: =IF(OR(I42="",J42="",J42=0),"",I42/J42) -> 0.014435737 | L42: 0.0144 | M42: =IF(L42="","Não declarado",IF(K42="","Sem dado",IF(ABS(K42-L42)<=0.00005,"Sim","Não"))) -> Sim | N42: 0.02 | O42: 0.019 | P42: 0.018 | Q42: 4.0056743e+08 | R42: 3.8053906e+08 | S42: 3.6051069e+08 | T42: =IF(K42="","Sem dado",IF(N42="","Sem limite próprio na LRF",IF(AND(Q42<>"",R42<>"",S42<>""),IF(I42>Q42,"Acima do limite máximo",IF(I42>R42,"Acima do limite prudencial",IF(I42>S42,"Acima do limite de alerta","Abaixo do limite de alerta"))),IF(K42>N42,"Acima do limite máximo",IF(K42>O42,"Acima do limite prudencial",IF(K42>P42,"Acima do limite de alerta","Abaixo do limite de alerta")))))) -> Abaixo do limite de alerta | U42: Declarado no RGF
A43: =B43&"|"&G43 -> Ministério Público|2º quad. 2024 | B43: Ministério Público | C43: Ministério Público | D43: Ministério Público do Estado do Mato Grosso do Sul | E43: 2024 | F43: 2 | G43: 2º quad. 2024 | H43: set/2023 a ago/2024 | I43: 2.9468507e+08 | J43: 2.0288168e+10 | K43: =IF(OR(I43="",J43="",J43=0),"",I43/J43) -> 0.014524972 | L43: 0.0145 | M43: =IF(L43="","Não declarado",IF(K43="","Sem dado",IF(ABS(K43-L43)<=0.00005,"Sim","Não"))) -> Sim | N43: 0.02 | O43: 0.019 | P43: 0.018 | Q43: 4.0576335e+08 | R43: 3.8547519e+08 | S43: 3.6518702e+08 | T43: =IF(K43="","Sem dado",IF(N43="","Sem limite próprio na LRF",IF(AND(Q43<>"",R43<>"",S43<>""),IF(I43>Q43,"Acima do limite máximo",IF(I43>R43,"Acima do limite prudencial",IF(I43>S43,"Acima do limite de alerta","Abaixo do limite de alerta"))),IF(K43>N43,"Acima do limite máximo",IF(K43>O43,"Acima do limite prudencial",IF(K43>P43,"Acima do limite de alerta","Abaixo do limite de alerta")))))) -> Abaixo do limite de alerta | U43: Declarado no RGF
A44: =B44&"|"&G44 -> Ministério Público|3º quad. 2024 | B44: Ministério Público | C44: Ministério Público | D44: Ministério Público do Estado do Mato Grosso do Sul | E44: 2024 | F44: 3 | G44: 3º quad. 2024 | H44: jan/2024 a dez/2024 | I44: 3.0406547e+08 | J44: 2.0253127e+10 | K44: =IF(OR(I44="",J44="",J44=0),"",I44/J44) -> 0.01501326 | L44: 0.015 | M44: =IF(L44="","Não declarado",IF(K44="","Sem dado",IF(ABS(K44-L44)<=0.00005,"Sim","Não"))) -> Sim | N44: 0.02 | O44: 0.019 | P44: 0.018 | Q44: 4.0506255e+08 | R44: 3.8480942e+08 | S44: 3.6455629e+08 | T44: =IF(K44="","Sem dado",IF(N44="","Sem limite próprio na LRF",IF(AND(Q44<>"",R44<>"",S44<>""),IF(I44>Q44,"Acima do limite máximo",IF(I44>R44,"Acima do limite prudencial",IF(I44>S44,"Acima do limite de alerta","Abaixo do limite de alerta"))),IF(K44>N44,"Acima do limite máximo",IF(K44>O44,"Acima do limite prudencial",IF(K44>P44,"Acima do limite de alerta","Abaixo do limite de alerta")))))) -> Abaixo do limite de alerta | U44: Declarado no RGF
A45: =B45&"|"&G45 -> Ministério Público|1º quad. 2025 | B45: Ministério Público | C45: Ministério Público | D45: Ministério Público do Estado do Mato Grosso do Sul | E45: 2025 | F45: 1 | G45: 1º quad. 2025 | H45: mai/2024 a abr/2025 | I45: 3.1514975e+08 | J45: 2.0632009e+10 | K45: =IF(OR(I45="",J45="",J45=0),"",I45/J45) -> 0.015274797 | L45: 0.0153 | M45: =IF(L45="","Não declarado",IF(K45="","Sem dado",IF(ABS(K45-L45)<=0.00005,"Sim","Não"))) -> Sim | N45: 0.02 | O45: 0.019 | P45: 0.018 | Q45: 4.1264018e+08 | R45: 3.9200817e+08 | S45: 3.7137616e+08 | T45: =IF(K45="","Sem dado",IF(N45="","Sem limite próprio na LRF",IF(AND(Q45<>"",R45<>"",S45<>""),IF(I45>Q45,"Acima do limite máximo",IF(I45>R45,"Acima do limite prudencial",IF(I45>S45,"Acima do limite de alerta","Abaixo do limite de alerta"))),IF(K45>N45,"Acima do limite máximo",IF(K45>O45,"Acima do limite prudencial",IF(K45>P45,"Acima do limite de alerta","Abaixo do limite de alerta")))))) -> Abaixo do limite de alerta | U45: Declarado no RGF
A46: =B46&"|"&G46 -> Ministério Público|2º quad. 2025 | B46: Ministério Público | C46: Ministério Público | D46: Ministério Público do Estado do Mato Grosso do Sul | E46: 2025 | F46: 2 | G46: 2º quad. 2025 | H46: set/2024 a ago/2025 | I46: 3.2868019e+08 | J46: 2.116145e+10 | K46: =IF(OR(I46="",J46="",J46=0),"",I46/J46) -> 0.015532026 | L46: 0.0155 | M46: =IF(L46="","Não declarado",IF(K46="","Sem dado",IF(ABS(K46-L46)<=0.00005,"Sim","Não"))) -> Sim | N46: 0.02 | O46: 0.019 | P46: 0.018 | Q46: 4.23229e+08 | R46: 4.0206755e+08 | S46: 3.809061e+08 | T46: =IF(K46="","Sem dado",IF(N46="","Sem limite próprio na LRF",IF(AND(Q46<>"",R46<>"",S46<>""),IF(I46>Q46,"Acima do limite máximo",IF(I46>R46,"Acima do limite prudencial",IF(I46>S46,"Acima do limite de alerta","Abaixo do limite de alerta"))),IF(K46>N46,"Acima do limite máximo",IF(K46>O46,"Acima do limite prudencial",IF(K46>P46,"Acima do limite de alerta","Abaixo do limite de alerta")))))) -> Abaixo do limite de alerta | U46: Declarado no RGF
A47: =B47&"|"&G47 -> Ministério Público|3º quad. 2025 | B47: Ministério Público | C47: Ministério Público | D47: Ministério Público do Estado do Mato Grosso do Sul | E47: 2025 | F47: 3 | G47: 3º quad. 2025 | H47: jan/2025 a dez/2025 | I47: 3.4545033e+08 | J47: 2.210866e+10 | K47: =IF(OR(I47="",J47="",J47=0),"",I47/J47) -> 0.015625114 | L47: 0.0156 | M47: =IF(L47="","Não declarado",IF(K47="","Sem dado",IF(ABS(K47-L47)<=0.00005,"Sim","Não"))) -> Sim | N47: 0.02 | O47: 0.019 | P47: 0.018 | Q47: 4.421732e+08 | R47: 4.2006454e+08 | S47: 3.9795588e+08 | T47: =IF(K47="","Sem dado",IF(N47="","Sem limite próprio na LRF",IF(AND(Q47<>"",R47<>"",S47<>""),IF(I47>Q47,"Acima do limite máximo",IF(I47>R47,"Acima do limite prudencial",IF(I47>S47,"Acima do limite de alerta","Abaixo do limite de alerta"))),IF(K47>N47,"Acima do limite máximo",IF(K47>O47,"Acima do limite prudencial",IF(K47>P47,"Acima do limite de alerta","Abaixo do limite de alerta")))))) -> Abaixo do limite de alerta | U47: Declarado no RGF
A48: =B48&"|"&G48 -> Ministério Público|1º quad. 2026 | B48: Ministério Público | C48: Ministério Público | D48: Ministério Público do Estado do Mato Grosso do Sul | E48: 2026 | F48: 1 | G48: 1º quad. 2026 | H48: mai/2025 a abr/2026 | I48: 4.0014023e+08 | J48: 2.2737534e+10 | K48: =IF(OR(I48="",J48="",J48=0),"",I48/J48) -> 0.017598224 | L48: 0.0176 | M48: =IF(L48="","Não declarado",IF(K48="","Sem dado",IF(ABS(K48-L48)<=0.00005,"Sim","Não"))) -> Sim | N48: 0.02 | O48: 0.019 | P48: 0.018 | Q48: 4.5475069e+08 | R48: 4.3201316e+08 | S48: 4.0927562e+08 | T48: =IF(K48="","Sem dado",IF(N48="","Sem limite próprio na LRF",IF(AND(Q48<>"",R48<>"",S48<>""),IF(I48>Q48,"Acima do limite máximo",IF(I48>R48,"Acima do limite prudencial",IF(I48>S48,"Acima do limite de alerta","Abaixo do limite de alerta"))),IF(K48>N48,"Acima do limite máximo",IF(K48>O48,"Acima do limite prudencial",IF(K48>P48,"Acima do limite de alerta","Abaixo do limite de alerta")))))) -> Abaixo do limite de alerta | U48: Declarado no RGF
A49: =B49&"|"&G49 -> Ministério Público|2º quad. 2026 | B49: Ministério Público | C49: Ministério Público | D49: Ministério Público do Estado do Mato Grosso do Sul | E49: 2026 | F49: 2 | G49: 2º quad. 2026 | H49: set/2025 a ago/2026 | I49: 3.7395383e+08 | J49: 2.3108986e+10 | K49: =IF(OR(I49="",J49="",J49=0),"",I49/J49) -> 0.016182183 | L49: 0.0162 | M49: =IF(L49="","Não declarado",IF(K49="","Sem dado",IF(ABS(K49-L49)<=0.00005,"Sim","Não"))) -> Sim | N49: 0.02 | O49: 0.019 | P49: 0.018 | Q49: 4.6217972e+08 | R49: 4.3907073e+08 | S49: 4.1596175e+08 | T49: =IF(K49="","Sem dado",IF(N49="","Sem limite próprio na LRF",IF(AND(Q49<>"",R49<>"",S49<>""),IF(I49>Q49,"Acima do limite máximo",IF(I49>R49,"Acima do limite prudencial",IF(I49>S49,"Acima do limite de alerta","Abaixo do limite de alerta"))),IF(K49>N49,"Acima do limite máximo",IF(K49>O49,"Acima do limite prudencial",IF(K49>P49,"Acima do limite de alerta","Abaixo do limite de alerta")))))) -> Abaixo do limite de alerta | U49: Declarado no RGF

Sheet Notas
A1: Notas metodológicas
A3: Fonte | B3: API de dados abertos do Siconfi (Tesouro Nacional), endpoint /rgf, https://apidatalake.tesouro.gov.br/docs/siconfi/ . Extração em 15/10/2026.
A4: Relatório | B4: RGF - Anexo 01 (Demonstrativo da Despesa com Pessoal), quadrimestral. Ente: Mato Grosso do Sul (MS).
A5: Períodos | B5: 1º a 3º quadrimestres de 2024 e 2025; 1º e 2º de 2026 (o 3º de 2026 ainda não foi publicado). Cada quadrimestre considera os 12 meses encerrados em abril, agosto ou dezembro.
A6: Indicador | B6: DTP = Despesa Total com Pessoal. % = DTP / Receita Corrente Líquida Ajustada para cálculo dos limites da despesa com pessoal.
A7: Tribunais de Contas | B7: Não têm código de poder próprio na API: vêm dentro do Poder Legislativo (co_poder = L), identificados pelo nome da instituição.
A8: Órgãos sem % declarado | B8: A LRF (art. 20) não fixa limite próprio para a Defensoria Pública, e o RGF dela não traz a DTP nem o %. Usou-se a despesa líquida com pessoal dos últimos 12 meses dividida pela RCL Ajustada declarada pelo Executivo no mesmo período; a mesma fórmula reproduz o % declarado pelos demais órgãos.
A9: Limites | B9: Máximo, prudencial (95% do máximo) e de alerta (90% do máximo), como declarados no RGF de cada órgão. A situação compara a DTP com os limites em R$ quando declarados, porque os % vêm arredondados em 2 casas e podem esconder uma ultrapassagem pequena.
A10: Convenções | B10: Números em azul: valores da API. Em preto: fórmulas. Percentuais armazenados como fração.
